{"name":"37405edf-7939-42d6-b8ae-86d7a5562514","id":"/providers/Microsoft.Flow/flows/37405edf-7939-42d6-b8ae-86d7a5562514","type":"Microsoft.Flow/flows","properties":{"apiId":"/providers/Microsoft.PowerApps/apis/shared_logicflows","displayName":"savePlusMail","definition":{"metadata":{"workflowEntityId":null,"creator":{"id":"cda89dc4-dfda-4ab9-8bdf-998a1d34c779","type":"User","tenantId":"cf36141c-ddd7-45a7-b073-111f66d0b30c"},"provisioningMethod":"FromDefinition","failureAlertSubscription":true,"clientLastModifiedTime":"2018-10-22T06:44:00.2113685Z"},"$schema":"https://schema.management.azure.com/providers/Microsoft.Logic/schemas/2016-06-01/workflowdefinition.json#","contentVersion":"1.0.0.0","parameters":{"$connections":{"defaultValue":{},"type":"Object"},"$authentication":{"defaultValue":{},"type":"SecureObject"}},"triggers":{"manual":{"type":"Request","kind":"PowerApp","inputs":{"schema":{"type":"object","required":["Createfile_FileName","Createfile_FileContent","Sendanemail_Subject"],"properties":{"Createfile_FileName":{"type":"string","description":"Name of the file.. This parameter is used as part of \"name\"","x-ms-powerflows-param-ispartial":true},"Createfile_FileContent":{"type":"string","format":"binary","description":"Content of the file.","x-ms-powerflows-param-ispartial":false},"Sendanemail_Subject":{"type":"string","description":"Specify the subject of the mail. This parameter is used as part of \"Subject\"","x-ms-powerflows-param-ispartial":true}}}}}},"actions":{"Create_file":{"runAfter":{},"metadata":{"flowSystemMetadata":{"swaggerOperationId":"CreateFile"}},"type":"ApiConnection","inputs":{"host":{"api":{"runtimeUrl":"https://flow-apim-msmanaged-na-westus2-01.azure-apim.net/apim/sharepointonline"},"connection":{"name":"@json(decodeBase64(triggerOutputs().headers['X-MS-APIM-Tokens']))['$connections']['shared_sharepointonline']['connectionId']"}},"method":"post","body":"@dataUriToBinary(triggerBody()['Createfile_FileContent'])","path":"/datasets/@{encodeURIComponent(encodeURIComponent('https://avanade.sharepoint.com/sites/SharePointMigrationTool'))}/files","queries":{"folderPath":"/cakeCut","name":"@{triggerBody()['Createfile_FileName']}.jpg","queryParametersSingleEncoded":true},"authentication":{"type":"Raw","value":"@json(decodeBase64(triggerOutputs().headers['X-MS-APIM-Tokens']))['$ConnectionKey']"}}},"Send_an_email":{"runAfter":{"Create_file":["Succeeded"]},"metadata":{"flowSystemMetadata":{"swaggerOperationId":"SendEmail"}},"type":"ApiConnection","inputs":{"host":{"api":{"runtimeUrl":"https://flow-apim-msmanaged-na-eastus2-01.azure-apim.net/apim/office365"},"connection":{"name":"@json(decodeBase64(triggerOutputs().headers['X-MS-APIM-Tokens']))['$connections']['shared_office365']['connectionId']"}},"method":"post","body":{"To":"aboli.a.kulkarni@accenture.com","Subject":"@{triggerBody()['Sendanemail_Subject']}  uploaded an image to CakeCut library","Body":"Hi,\n\n@{triggerBody()['Sendanemail_Subject']} uploaded an image to CakeCut library. \nLink - \nhttps://avanade.sharepoint.com/sites/SharePointMigrationTool/cakeCut/Forms/AllItems.aspx\n\nOpen link to see uploads made by @{triggerBody()['Sendanemail_Subject']}.\n\nThanks & Regards,\nITS Fun Events Support\n"},"path":"/Mail","authentication":{"type":"Raw","value":"@json(decodeBase64(triggerOutputs().headers['X-MS-APIM-Tokens']))['$ConnectionKey']"}}}},"outputs":{},"description":"Create one or more actions to happen when a button or link in PowerApps is selected. To use this flow from a PowerApp, select the control you want to trigger the flow and go to the Action tab in the PowerApps ribbon and select Flows."},"connectionReferences":{"shared_sharepointonline":{"connectionName":"33e22a40c9fb49598e84e30142beb07d","source":"Invoker","id":"/providers/Microsoft.PowerApps/apis/shared_sharepointonline","tier":"NotSpecified"},"shared_office365":{"connectionName":"ee93add1cc124dc6aaa8da6f43a99d0c","source":"Invoker","id":"/providers/Microsoft.PowerApps/apis/shared_office365","tier":"NotSpecified"}},"flowFailureAlertSubscribed":false}}