{"name":"4e9b2162-8120-485c-9f17-b2687717a76e","id":"/providers/Microsoft.Flow/flows/4e9b2162-8120-485c-9f17-b2687717a76e","type":"Microsoft.Flow/flows","properties":{"apiId":"/providers/Microsoft.PowerApps/apis/shared_logicflows","displayName":"shareimageflow","definition":{"metadata":{"workflowEntityId":null,"creator":{"id":"cda89dc4-dfda-4ab9-8bdf-998a1d34c779","type":"User","tenantId":"cf36141c-ddd7-45a7-b073-111f66d0b30c"},"provisioningMethod":"FromDefinition","failureAlertSubscription":true,"clientLastModifiedTime":"2018-10-22T05:48:12.9009353Z"},"$schema":"https://schema.management.azure.com/providers/Microsoft.Logic/schemas/2016-06-01/workflowdefinition.json#","contentVersion":"1.0.0.0","parameters":{"$connections":{"defaultValue":{},"type":"Object"},"$authentication":{"defaultValue":{},"type":"SecureObject"}},"triggers":{"manual":{"type":"Request","kind":"PowerApp","inputs":{"schema":{"type":"object","required":["Sendanemail_Subject","Sendanemail_To","Sendanemail_Body","Sendanemail_Body_1","Sendanemail_Body_2"],"properties":{"Sendanemail_Subject":{"type":"string","description":"Specify the subject of the mail. This parameter is used as part of \"Subject\"","x-ms-powerflows-param-ispartial":true},"Sendanemail_To":{"type":"string","format":"email","description":"Specify email addresses separated by semicolons like someone@contoso.com","x-ms-powerflows-param-ispartial":false},"Sendanemail_Body":{"type":"string","description":"Specify the body of the mail. This parameter is used as part of \"Body\"","x-ms-powerflows-param-ispartial":true},"Sendanemail_Body_1":{"type":"string"},"Sendanemail_Body_2":{"type":"string"}}}}}},"actions":{"Send_an_email":{"runAfter":{},"metadata":{"flowSystemMetadata":{"swaggerOperationId":"SendEmail"}},"type":"ApiConnection","inputs":{"host":{"api":{"runtimeUrl":"https://flow-apim-msmanaged-na-eastus2-01.azure-apim.net/apim/office365"},"connection":{"name":"@json(decodeBase64(triggerOutputs().headers['X-MS-APIM-Tokens']))['$connections']['shared_office365']['connectionId']"}},"method":"post","body":{"To":"@triggerBody()['Sendanemail_To']","Subject":"@{triggerBody()['Sendanemail_Subject']}  shared an CakeCut Image with you","Body":"@{triggerBody()['Sendanemail_Body_2']}\n@{triggerBody()['Sendanemail_Subject']} shared below image with you. \n@{dataUriToBinary(triggerBody()['Sendanemail__Body'])} \nLink : -  https://avanade.sharepoint.com/sites/SharePointMigrationTool/cakeCut/@{triggerBody()['Sendanemail_Body_1']}\n\nOpen above link to see actual image.\n\nThanks & Regards,\nITS Fun Events Team"},"path":"/Mail","authentication":{"type":"Raw","value":"@json(decodeBase64(triggerOutputs().headers['X-MS-APIM-Tokens']))['$ConnectionKey']"}}}},"outputs":{},"description":"Create one or more actions to happen when a button or link in PowerApps is selected. To use this flow from a PowerApp, select the control you want to trigger the flow and go to the Action tab in the PowerApps ribbon and select Flows."},"connectionReferences":{"shared_office365":{"connectionName":"ee93add1cc124dc6aaa8da6f43a99d0c","source":"Invoker","id":"/providers/Microsoft.PowerApps/apis/shared_office365","tier":"NotSpecified"}},"flowFailureAlertSubscribed":false}}