{"schemaVersion":"1.0","appDefinitionTemplate":{"id":"/providers/Microsoft.PowerApps/apps/","type":"Microsoft.PowerApps/apps","tags":{"minimumRequiredApiVersion":"2.2.0"},"properties":{"appVersion":"2018-10-22T05:38:59Z","lifeCycleId":"Published","createdByClientVersion":{"major":3,"minor":18102,"build":20,"revision":0,"majorRevision":0,"minorRevision":0},"minClientVersion":{"major":3,"minor":18102,"build":20,"revision":0,"majorRevision":0,"minorRevision":0},"backgroundColor":"rgba(0, 176, 240, 1)","backgroundImageUri":"/4406333052202853131/N0df193a1-855b-40c4-8ac6-bfdfc07fb8a9-logoSmallFile","displayName":"ITS Fun Events","description":"","appUris":{"documentUri":{"value":"/4406333052202853131/N84ab96aa-c4a4-40ed-a902-50af1d209d69-document.msapp","readonlyValue":"/4406333052202853131/N84ab96aa-c4a4-40ed-a902-50af1d209d69-document.msapp"},"imageUris":[]},"createdTime":"0001-01-01T00:00:00Z","lastModifiedTime":"0001-01-01T00:00:00Z","sharedGroupsCount":0,"sharedUsersCount":0,"icons":{"smallIconUri":"/4406333052202853131/Nd62db84f-154f-48cf-8173-90ec179a4195-small.png","mediumIconUri":"/4406333052202853131/Ne8e9b3f1-815d-45ed-b219-6323139a5066-medium.png","largeIconUri":"/4406333052202853131/Nda3c6bc2-cf8e-43f6-a8c2-202ef2f095ab-large.png","wideIconUri":"/4406333052202853131/N84edbed1-bc53-462a-be30-a5c21e176fc6-wide.png"},"connectionReferences":{"fa7db913-1db1-4769-83aa-f64ee4e5b156":{"id":"a1b229eb-541b-43f8-8b73-f58fb392c6e9","displayName":"SharePoint","iconUri":"https://connectoricons-prod.azureedge.net/sharepointonline/icon_1.0.1019.1195.png","dataSources":[],"dependencies":[],"dependents":["9c5fa937-aec6-4cb4-b19e-18cf91c46222","8694dd35-21c0-4160-aad5-213c1f07fc27","6a7478a5-6ae1-47d5-8479-2f0fac26cf14","46a06606-799e-41bf-9956-efcb27022a27"],"parameterHints":{},"isOnPremiseConnection":false,"bypassConsent":false,"dataSets":{},"apiTier":"Standard"},"9c5fa937-aec6-4cb4-b19e-18cf91c46222":{"id":"77f4693b-d7e8-4c82-a79d-d6a6f7aedc36","displayName":"Logic flows","iconUri":"https://resourcestackdeploy.blob.core.windows.net/scripts/13276078.png","dataSources":["UploadafiletoSharePointfromPowerApps"],"dependencies":["fa7db913-1db1-4769-83aa-f64ee4e5b156"],"dependents":[],"parameterHints":{"workflowName":{"value":"6bb0ff85-4c53-44d6-9206-8ffea557772d"},"fa7db913-1db1-4769-83aa-f64ee4e5b156":{"value":"shared_sharepointonline"}},"isOnPremiseConnection":false,"bypassConsent":false,"dataSets":{},"apiTier":"Standard"},"8694dd35-21c0-4160-aad5-213c1f07fc27":{"id":"77f4693b-d7e8-4c82-a79d-d6a6f7aedc36","displayName":"Logic flows","iconUri":"https://resourcestackdeploy.blob.core.windows.net/scripts/13276078.png","dataSources":["PowerAppsbutton"],"dependencies":["fa7db913-1db1-4769-83aa-f64ee4e5b156"],"dependents":[],"parameterHints":{"workflowName":{"value":"167a8c54-6348-4278-8790-0ac072f272a3"},"fa7db913-1db1-4769-83aa-f64ee4e5b156":{"value":"shared_sharepointonline"}},"isOnPremiseConnection":false,"bypassConsent":false,"dataSets":{},"apiTier":"Standard"},"6a7478a5-6ae1-47d5-8479-2f0fac26cf14":{"id":"77f4693b-d7e8-4c82-a79d-d6a6f7aedc36","displayName":"Logic flows","iconUri":"https://resourcestackdeploy.blob.core.windows.net/scripts/13276078.png","dataSources":["saveimage"],"dependencies":["fa7db913-1db1-4769-83aa-f64ee4e5b156"],"dependents":[],"parameterHints":{"workflowName":{"value":"1922146d-5eed-4cc4-9c2e-2438f144b420"},"fa7db913-1db1-4769-83aa-f64ee4e5b156":{"value":"shared_sharepointonline"}},"isOnPremiseConnection":false,"bypassConsent":false,"dataSets":{},"apiTier":"Standard"},"46a06606-799e-41bf-9956-efcb27022a27":{"id":"77f4693b-d7e8-4c82-a79d-d6a6f7aedc36","displayName":"Logic flows","iconUri":"https://resourcestackdeploy.blob.core.windows.net/scripts/13276078.png","dataSources":["savePlusMail"],"dependencies":["fa7db913-1db1-4769-83aa-f64ee4e5b156","ba766cf8-6791-429f-83a4-c7389fed5228"],"dependents":[],"parameterHints":{"workflowName":{"value":"c5171ca5-3125-4b8e-a6fc-7cdd80f5d4a4"},"fa7db913-1db1-4769-83aa-f64ee4e5b156":{"value":"shared_sharepointonline"},"ba766cf8-6791-429f-83a4-c7389fed5228":{"value":"shared_office365"}},"isOnPremiseConnection":false,"bypassConsent":false,"dataSets":{},"apiTier":"Standard"},"ba766cf8-6791-429f-83a4-c7389fed5228":{"id":"aee77a1b-fa07-44cc-aa01-74ebae41de7f","displayName":"Office 365 Outlook","iconUri":"https://connectoricons-prod.azureedge.net/office365/icon_1.0.1008.1183.png","dataSources":[],"dependencies":[],"dependents":["46a06606-799e-41bf-9956-efcb27022a27","b8b9432a-2979-40d3-a137-7787dc1ca6ab","e5af6622-9479-4531-8ea8-e6622000311e"],"parameterHints":{},"isOnPremiseConnection":false,"bypassConsent":false,"dataSets":{},"apiTier":"Standard"},"b8b9432a-2979-40d3-a137-7787dc1ca6ab":{"id":"77f4693b-d7e8-4c82-a79d-d6a6f7aedc36","displayName":"Logic flows","iconUri":"https://resourcestackdeploy.blob.core.windows.net/scripts/13276078.png","dataSources":["uploadedFewImagesMailSend"],"dependencies":["ba766cf8-6791-429f-83a4-c7389fed5228"],"dependents":[],"parameterHints":{"workflowName":{"value":"06a88357-e770-42ec-bbcd-c83de07de06e"},"ba766cf8-6791-429f-83a4-c7389fed5228":{"value":"shared_office365"}},"isOnPremiseConnection":false,"bypassConsent":false,"dataSets":{},"apiTier":"Standard"},"e5af6622-9479-4531-8ea8-e6622000311e":{"id":"77f4693b-d7e8-4c82-a79d-d6a6f7aedc36","displayName":"Logic flows","iconUri":"https://resourcestackdeploy.blob.core.windows.net/scripts/13276078.png","dataSources":["shareimageflow"],"dependencies":["ba766cf8-6791-429f-83a4-c7389fed5228"],"dependents":[],"parameterHints":{"workflowName":{"value":"a65e4df0-3fe5-4474-8035-df82117eb350"},"ba766cf8-6791-429f-83a4-c7389fed5228":{"value":"shared_office365"}},"isOnPremiseConnection":false,"bypassConsent":false,"dataSets":{},"apiTier":"Standard"},"7bbc7576-f0da-45f1-9fcb-cd0a5ac988a8":{"id":"d01f6502-d843-4e00-a6c7-1a449d9f0c4d","displayName":"Power BI","iconUri":"https://az818438.vo.msecnd.net/icons/powerbi.png","dataSources":["PowerBI"],"dependencies":[],"dependents":[],"parameterHints":{},"isOnPremiseConnection":false,"bypassConsent":false,"dataSets":{},"apiTier":"Standard"},"1443b562-1410-4f1a-8490-3934d35c0e02":{"id":"a1b229eb-541b-43f8-8b73-f58fb392c6e9","displayName":"SharePoint","iconUri":"https://connectoricons-prod.azureedge.net/sharepointonline/icon_1.0.1019.1195.png","dataSources":["nakuldemo2","cakeCut"],"dependencies":[],"dependents":[],"parameterHints":{},"isOnPremiseConnection":false,"bypassConsent":false,"dataSets":{"https://avanade.sharepoint.com/sites/SharePointMigrationTool":{"dataSources":{"nakuldemo2":{"tableName":"c73e4880-a676-434b-9cea-b794cd681e86"},"cakeCut":{"tableName":"cakeCut"}}}},"apiTier":"Standard"}},"authorizationReferences":[{"resourceId":"powerbi"}],"databaseReferences":{},"almMode":"Environment"},"appComponents":[]}}