{"schemaVersion":"1.0","appDefinitionTemplate":{"id":"/providers/Microsoft.PowerApps/apps/","type":"Microsoft.PowerApps/apps","tags":{"primaryDeviceWidth":"1366","primaryDeviceHeight":"768","sienaVersion":"20200624T052015Z-3.20063.8.0","deviceCapabilities":"","supportsPortrait":"false","supportsLandscape":"true","primaryFormFactor":"Tablet","publisherVersion":"3.19023.12","minimumRequiredApiVersion":"2.2.0"},"properties":{"appVersion":"2020-06-24T05:20:15Z","lifeCycleId":"Published","createdByClientVersion":{"major":3,"minor":19023,"build":12,"revision":0,"majorRevision":0,"minorRevision":0},"minClientVersion":{"major":3,"minor":19023,"build":12,"revision":0,"majorRevision":0,"minorRevision":0},"backgroundColor":"rgba(175, 229, 178, 1)","backgroundImageUri":"/13533327774944846307/Ncd9b91be-6b4f-49cb-a9a7-505541bac05a-N85e3b888-9b25-41c4-9d59-b26186d31175-logoSmallFile","displayName":"LeaveRequest","description":"","appUris":{"documentUri":{"value":"/13533327774944846307/N88957039-48bc-425f-b9c6-670ac9b51521-N3606319f-810b-413e-b663-afe47d78ffaa-document.msapp","readonlyValue":"/13533327774944846307/N88957039-48bc-425f-b9c6-670ac9b51521-N3606319f-810b-413e-b663-afe47d78ffaa-document.msapp"},"imageUris":[]},"createdTime":"0001-01-01T00:00:00Z","lastModifiedTime":"0001-01-01T00:00:00Z","sharedGroupsCount":0,"sharedUsersCount":0,"icons":{"smallIconUri":"/13533327774944846307/Nf78a3167-1f63-4e60-be34-94fb2eb29b7a-Nec3ff27c-c717-477d-be12-ea12d0e40115-small.png","mediumIconUri":"/13533327774944846307/Nb99c3a78-c468-4fe7-b586-9c79fe7c1915-N2070ef47-8818-4a82-83f2-2d304b3298d5-medium.png","largeIconUri":"/13533327774944846307/N0f536956-fe34-4b41-b57b-889dcfdfcb44-Nc8fd30fb-dd24-4208-925a-35abf53f1f1a-large.png","wideIconUri":"/13533327774944846307/Nfef72c7c-3487-44d4-bfed-2caafa70afc5-Nf38b889b-7746-4c19-a5f5-a0b3161ad94b-wide.png"},"connectionReferences":{"cbd9425f-c81c-4a67-964c-815a557c5520":{"id":"ff418cef-2c2d-4480-89ee-ea2037caa725","displayName":"SharePoint","iconUri":"https://connectoricons-prod.azureedge.net/sharepointonline/icon_1.0.1355.2023.png","dataSources":["Leave Reqest","SupervisorDetails"],"dependencies":[],"dependents":[],"parameterHints":{},"isOnPremiseConnection":false,"bypassConsent":false,"dataSets":{"https://avanadeitstest.sharepoint.com/sites/TeamCollaboration":{"dataSources":{"Leave Reqest":{"tableName":"6b600ad1-49e4-4397-9154-1c3bc14dfd0a"},"SupervisorDetails":{"tableName":"c71c5cf2-1b1d-4dd0-a688-b095bad9eef1"}}}},"apiTier":"Standard","isCustomApiConnection":false},"813ead26-9c96-4eaf-a0ae-7db2e6a3df78":{"id":"be924ba9-86d6-48cb-991e-5f1a99e29dc9","displayName":"Office 365 Users","iconUri":"https://connectoricons-prod.azureedge.net/office365users/icon_1.0.1357.2029.png","dataSources":["Office365Users"],"dependencies":[],"dependents":[],"parameterHints":{},"isOnPremiseConnection":false,"bypassConsent":false,"dataSets":{},"apiTier":"Standard","isCustomApiConnection":false},"d7dfd4c6-aa27-4e0d-b4eb-b6349d35871b":{"id":"e0118589-6d65-42d4-8f0b-d628aff385e7","displayName":"Office 365 Outlook","iconUri":"https://connectoricons-prod.azureedge.net/office365/icon_1.0.1360.2036.png","dataSources":["Office365"],"dependencies":[],"dependents":[],"parameterHints":{},"isOnPremiseConnection":false,"bypassConsent":false,"dataSets":{},"apiTier":"Standard","isCustomApiConnection":false},"f2d61f48-0299-4252-8f1f-81437b144e57":{"id":"66071292-de7e-4590-90d8-f55426bb0000","displayName":"Excel","iconUri":"https://connectoricons-prod.azureedge.net/excel/icon_1.0.1352.2012.png","dataSources":["Table1"],"dependencies":["ad7a742f-6fda-45d4-8f87-e0c560f0d833"],"dependents":[],"parameterHints":{"ad7a742f-6fda-45d4-8f87-e0c560f0d833":{"value":"fileSource"}},"isOnPremiseConnection":false,"bypassConsent":false,"dataSets":{"01H3JCRC77RURMNDJS65BKAHICG65E2EBZ":{"dataSources":{"Table1":{"tableName":"Table1"}}}},"apiTier":"Standard","isCustomApiConnection":false},"ad7a742f-6fda-45d4-8f87-e0c560f0d833":{"id":"0aa3b974-541c-4994-bafb-6fab43afa5b3","displayName":"OneDrive for Business","iconUri":"https://connectoricons-prod.azureedge.net/onedriveforbusiness/icon_1.0.1341.1987.png","dataSources":[],"dependencies":[],"dependents":["f2d61f48-0299-4252-8f1f-81437b144e57"],"parameterHints":{},"isOnPremiseConnection":false,"bypassConsent":false,"dataSets":{},"apiTier":"Standard","isCustomApiConnection":false}},"databaseReferences":{},"almMode":"Environment"},"appType":"ClassicCanvasApp","appComponents":[]}}