{"name":"eafe135c-023b-4041-8b3c-f1575bbad39a","id":"/providers/Microsoft.Flow/flows/eafe135c-023b-4041-8b3c-f1575bbad39a","type":"Microsoft.Flow/flows","properties":{"apiId":"/providers/Microsoft.PowerApps/apis/shared_logicflows","displayName":"save image","definition":{"metadata":{"workflowEntityId":null,"creator":{"id":"cda89dc4-dfda-4ab9-8bdf-998a1d34c779","type":"User","tenantId":"cf36141c-ddd7-45a7-b073-111f66d0b30c"},"provisioningMethod":"FromDefinition","failureAlertSubscription":true,"clientLastModifiedTime":"2018-10-22T05:50:20.8952464Z"},"$schema":"https://schema.management.azure.com/providers/Microsoft.Logic/schemas/2016-06-01/workflowdefinition.json#","contentVersion":"1.0.0.0","parameters":{"$connections":{"defaultValue":{},"type":"Object"},"$authentication":{"defaultValue":{},"type":"SecureObject"}},"triggers":{"manual":{"type":"Request","kind":"PowerApp","inputs":{"schema":{"type":"object","required":["Createfile_FileName","Createfile_FileContent"],"properties":{"Createfile_FileName":{"type":"string","description":"Name of the file.. This parameter is used as part of \"name\"","x-ms-powerflows-param-ispartial":true},"Createfile_FileContent":{"type":"string","format":"binary","description":"Content of the file.","x-ms-powerflows-param-ispartial":false}}}}}},"actions":{"Create_file":{"runAfter":{},"metadata":{"flowSystemMetadata":{"swaggerOperationId":"CreateFile"}},"type":"ApiConnection","inputs":{"host":{"api":{"runtimeUrl":"https://flow-apim-msmanaged-na-westus2-01.azure-apim.net/apim/sharepointonline"},"connection":{"name":"@json(decodeBase64(triggerOutputs().headers['X-MS-APIM-Tokens']))['$connections']['shared_sharepointonline']['connectionId']"}},"method":"post","body":"@dataUriToBinary(triggerBody()['Createfile_FileContent'])","path":"/datasets/@{encodeURIComponent(encodeURIComponent('https://avanade.sharepoint.com/sites/SharePointMigrationTool'))}/files","queries":{"folderPath":"/cakeCut","name":"@{triggerBody()['Createfile_FileName']}.jpg","queryParametersSingleEncoded":true},"authentication":{"type":"Raw","value":"@json(decodeBase64(triggerOutputs().headers['X-MS-APIM-Tokens']))['$ConnectionKey']"}}}},"outputs":{},"description":"Create one or more actions to happen when a button or link in PowerApps is selected. To use this flow from a PowerApp, select the control you want to trigger the flow and go to the Action tab in the PowerApps ribbon and select Flows."},"connectionReferences":{"shared_sharepointonline":{"connectionName":"33e22a40c9fb49598e84e30142beb07d","source":"Invoker","id":"/providers/Microsoft.PowerApps/apis/shared_sharepointonline","tier":"NotSpecified"}},"flowFailureAlertSubscribed":false}}