{"name":"ae628463-75f0-4618-ad6f-2f07f403ad1e","id":"/providers/Microsoft.Flow/flows/ae628463-75f0-4618-ad6f-2f07f403ad1e","type":"Microsoft.Flow/flows","properties":{"apiId":"/providers/Microsoft.PowerApps/apis/shared_logicflows","displayName":"uploadedFewImagesMailSend","definition":{"metadata":{"workflowEntityId":null,"creator":{"id":"cda89dc4-dfda-4ab9-8bdf-998a1d34c779","type":"User","tenantId":"cf36141c-ddd7-45a7-b073-111f66d0b30c"},"provisioningMethod":"FromDefinition","failureAlertSubscription":true,"clientLastModifiedTime":"2018-10-22T06:45:17.2627511Z"},"$schema":"https://schema.management.azure.com/providers/Microsoft.Logic/schemas/2016-06-01/workflowdefinition.json#","contentVersion":"1.0.0.0","parameters":{"$connections":{"defaultValue":{},"type":"Object"},"$authentication":{"defaultValue":{},"type":"SecureObject"}},"triggers":{"manual":{"type":"Request","kind":"PowerApp","inputs":{"schema":{"type":"object","required":["Sendanemail_Subject"],"properties":{"Sendanemail_Subject":{"type":"string","description":"Specify the subject of the mail. This parameter is used as part of \"Subject\"","x-ms-powerflows-param-ispartial":true}}}}}},"actions":{"Send_an_email":{"runAfter":{},"metadata":{"flowSystemMetadata":{"swaggerOperationId":"SendEmail"}},"type":"ApiConnection","inputs":{"host":{"api":{"runtimeUrl":"https://flow-apim-msmanaged-na-eastus2-01.azure-apim.net/apim/office365"},"connection":{"name":"@json(decodeBase64(triggerOutputs().headers['X-MS-APIM-Tokens']))['$connections']['shared_office365']['connectionId']"}},"method":"post","body":{"To":"aboli.a.kulkarni@accenture.com","Subject":"@{triggerBody()['Sendanemail_Subject']}  uploaded some images to CakeCut Library","Body":"Hi,\n\n@{triggerBody()['Sendanemail_Subject']} uploaded some images to CakeCut Library.\nLink - \nhttps://avanade.sharepoint.com/sites/SharePointMigrationTool/cakeCut/Forms/AllItems.aspx\n\nOpen above link to see what all images @{triggerBody()['Sendanemail_Subject']} uploaded.\n\nThanks & Regards,\nITS Fun Events Team"},"path":"/Mail","authentication":{"type":"Raw","value":"@json(decodeBase64(triggerOutputs().headers['X-MS-APIM-Tokens']))['$ConnectionKey']"}}}},"outputs":{},"description":"Create one or more actions to happen when a button or link in PowerApps is selected. To use this flow from a PowerApp, select the control you want to trigger the flow and go to the Action tab in the PowerApps ribbon and select Flows."},"connectionReferences":{"shared_office365":{"connectionName":"ee93add1cc124dc6aaa8da6f43a99d0c","source":"Invoker","id":"/providers/Microsoft.PowerApps/apis/shared_office365","tier":"NotSpecified"}},"flowFailureAlertSubscribed":false}}