{"name":"85e7f411-5134-45ab-bbb9-2f81cea94e42","id":"/providers/Microsoft.Flow/flows/85e7f411-5134-45ab-bbb9-2f81cea94e42","type":"Microsoft.Flow/flows","properties":{"apiId":"/providers/Microsoft.PowerApps/apis/shared_logicflows","displayName":"Upload a file to SharePoint from PowerApps","definition":{"metadata":{"workflowEntityId":null,"creator":{"id":"cda89dc4-dfda-4ab9-8bdf-998a1d34c779","type":"User","tenantId":"cf36141c-ddd7-45a7-b073-111f66d0b30c"},"provisioningMethod":"FromDefinition","failureAlertSubscription":true,"clientLastModifiedTime":"2018-10-22T05:49:07.4860059Z"},"$schema":"https://schema.management.azure.com/providers/Microsoft.Logic/schemas/2016-06-01/workflowdefinition.json#","contentVersion":"1.0.0.0","parameters":{"$connections":{"defaultValue":{},"type":"Object"},"$authentication":{"defaultValue":{},"type":"SecureObject"}},"triggers":{"manual":{"type":"Request","kind":"PowerApp","inputs":{"schema":{"type":"object","required":["CreatefileFilename","CreatefileFileContent"],"properties":{"CreatefileFilename":{"type":"string","description":"Name of the file","x-ms-powerflows-param-ispartial":false},"CreatefileFileContent":{"type":"string","format":"binary","description":"Content of the file","x-ms-powerflows-param-ispartial":false}}}}}},"actions":{"Create_file":{"runAfter":{},"metadata":{"flowSystemMetadata":{"swaggerOperationId":"CreateFile"}},"type":"ApiConnection","inputs":{"host":{"api":{"runtimeUrl":"https://flow-apim-msmanaged-na-westus2-01.azure-apim.net/apim/sharepointonline"},"connection":{"name":"@json(decodeBase64(triggerOutputs().headers['X-MS-APIM-Tokens']))['$connections']['shared_sharepointonline']['connectionId']"}},"method":"post","body":"@{triggerBody()['CreatefileFileContent']}.jpg","path":"/datasets/@{encodeURIComponent(encodeURIComponent('https://avanade.sharepoint.com/sites/SharePointMigrationTool'))}/files","queries":{"folderPath":"/cakeCut","name":"@{triggerBody()['CreatefileFilename']}"},"authentication":{"type":"Raw","value":"@json(decodeBase64(triggerOutputs().headers['X-MS-APIM-Tokens']))['$ConnectionKey']"}}}},"outputs":{},"description":"Add a new file to a SharePoint document library when a button or link in PowerApps is selected."},"connectionReferences":{"shared_sharepointonline":{"connectionName":"33e22a40c9fb49598e84e30142beb07d","source":"Invoker","id":"/providers/Microsoft.PowerApps/apis/shared_sharepointonline","tier":"NotSpecified"}},"flowFailureAlertSubscribed":false}}